name,opponent,n,mean,median,min,max,stdev
wheat_dump,random,8,4185.6,4162.0,4048.0,4293.0,79.4
wheat_dump,starter,8,4175.9,4168.0,4061.0,4292.0,81.7
wheat_threshold_5,random,8,4169.0,4161.5,4087.0,4243.0,51.4
wheat_threshold_5,starter,8,4148.0,4143.0,4065.0,4242.0,68.8
wheat_threshold_10,random,8,4132.4,4119.0,4071.0,4228.0,59.1
wheat_threshold_10,starter,8,4196.8,4176.0,4058.0,4300.0,92.2
wheat_threshold_20,random,8,4197.8,4208.0,3999.0,4362.0,121.7
wheat_threshold_20,starter,8,4187.1,4156.5,4131.0,4315.0,66.0
wheat_threshold_40,random,8,3436.2,3444.0,3359.0,3501.0,62.6
wheat_threshold_40,starter,8,3472.8,3505.5,3347.0,3535.0,65.7
wheat_threshold_80,random,8,3431.8,3440.5,3359.0,3526.0,62.1
wheat_threshold_80,starter,8,3372.6,3347.0,3347.0,3429.0,37.4
wheat_pricegate_10,random,8,4179.0,4203.5,3977.0,4240.0,87.6
wheat_pricegate_10,starter,8,4176.0,4205.0,4003.0,4271.0,90.5
wheat_pricegate_15,random,8,4168.5,4178.5,4066.0,4240.0,68.5
wheat_pricegate_15,starter,8,4125.2,4126.5,3954.0,4311.0,104.5
wheat_pricegate_20,random,8,4249.1,4243.5,4162.0,4318.0,52.1
wheat_pricegate_20,starter,8,4199.6,4202.5,4131.0,4238.0,39.3
wheat_capped_5,random,8,4212.1,4219.5,4137.0,4280.0,52.1
wheat_capped_5,starter,8,4174.4,4171.0,4028.0,4269.0,86.9
wheat_capped_15,random,8,4159.9,4157.5,4115.0,4246.0,38.5
wheat_capped_15,starter,8,4123.0,4122.5,4056.0,4224.0,54.8
wheat_capped_30,random,8,4194.4,4178.0,4124.0,4268.0,53.7
wheat_capped_30,starter,8,4208.8,4220.0,4139.0,4292.0,48.8
wheat_shopscaled_5_2,random,8,4171.0,4158.0,4085.0,4255.0,53.4
wheat_shopscaled_5_2,starter,8,4162.8,4186.5,4005.0,4292.0,109.3
carrot_threshold_3,random,8,4101.8,4118.0,3970.0,4224.0,92.1
carrot_threshold_3,starter,8,4077.0,4079.0,3987.0,4144.0,57.6
carrot_threshold_5,random,8,4090.0,4087.5,4008.0,4161.0,58.3
carrot_threshold_5,starter,8,4070.2,4074.5,3957.0,4144.0,53.9
carrot_threshold_10,random,8,4203.9,4189.0,4154.0,4300.0,48.4
carrot_threshold_10,starter,8,4200.6,4220.0,4108.0,4310.0,64.1
carrot_threshold_20,random,8,4175.2,4220.0,3995.0,4239.0,96.2
carrot_threshold_20,starter,8,4142.9,4177.5,3997.0,4230.0,93.9
carrot_threshold_40,random,8,3311.6,3328.0,3240.0,3332.0,32.2
carrot_threshold_40,starter,8,3277.9,3293.0,3147.0,3332.0,67.0
carrot_pricegate_15,random,8,4203.1,4197.0,4136.0,4309.0,65.8
carrot_pricegate_15,starter,8,4138.8,4161.5,4003.0,4284.0,112.9
carrot_pricegate_20,random,8,4190.8,4166.0,4123.0,4304.0,72.7
carrot_pricegate_20,starter,8,4161.2,4146.5,4003.0,4292.0,90.5
carrot_pricegate_25,random,8,4187.5,4157.5,4135.0,4268.0,57.5
carrot_pricegate_25,starter,8,4130.0,4122.5,4003.0,4248.0,76.9
carrot_pricegate_30,random,8,4177.1,4190.0,4026.0,4318.0,97.0
carrot_pricegate_30,starter,8,4232.6,4226.0,4139.0,4311.0,65.1
carrot_pricegate_33,random,8,4148.0,4144.0,4008.0,4285.0,96.7
carrot_pricegate_33,starter,8,4068.8,4205.5,3660.0,4284.0,251.2
carrot_capped_1,random,8,4179.8,4201.5,4033.0,4293.0,91.3
carrot_capped_1,starter,8,4162.5,4146.0,4054.0,4279.0,67.7
carrot_capped_2,random,8,4160.9,4169.0,3984.0,4247.0,79.0
carrot_capped_2,starter,8,4147.4,4144.0,4106.0,4204.0,31.8
carrot_capped_5,random,8,4178.8,4197.0,4030.0,4238.0,71.5
carrot_capped_5,starter,8,4165.8,4149.5,4064.0,4272.0,68.7
carrot_capped_10,random,8,4162.1,4157.5,4124.0,4240.0,38.9
carrot_capped_10,starter,8,4159.8,4135.0,4061.0,4271.0,68.1
carrot_dayspread_2,random,8,4035.4,4027.0,3908.0,4142.0,70.3
carrot_dayspread_2,starter,8,4028.8,4014.5,3945.0,4139.0,59.7
carrot_dayspread_4,random,8,3866.9,3889.5,3764.0,3956.0,77.3
carrot_dayspread_4,starter,8,3888.6,3906.0,3778.0,3957.0,65.1
carrot_dayspread_7,random,8,3674.2,3698.0,3550.0,3738.0,64.0
carrot_dayspread_7,starter,8,3644.5,3650.5,3604.0,3682.0,31.0
carrot_shopscaled_3_1,random,8,4209.8,4221.5,4158.0,4244.0,32.9
carrot_shopscaled_3_1,starter,8,4182.4,4206.5,4052.0,4285.0,87.9
carrot_shopscaled_5_2,random,8,4179.0,4191.0,4068.0,4240.0,59.7
carrot_shopscaled_5_2,starter,8,4121.8,4116.5,4013.0,4228.0,77.3
carrot_threshprice_5_20,random,8,4084.6,4092.5,3986.0,4170.0,60.5
carrot_threshprice_5_20,starter,8,4082.0,4092.5,3987.0,4202.0,79.0
carrot_threshprice_10_25,random,8,4187.6,4175.0,4130.0,4287.0,55.1
carrot_threshprice_10_25,starter,8,4189.1,4218.0,4068.0,4295.0,92.4
carrot_threshprice_10_20,random,8,4180.1,4168.0,4076.0,4251.0,62.4
carrot_threshprice_10_20,starter,8,4171.1,4179.0,3961.0,4295.0,108.6
carrot_gatehours_4,random,8,4171.9,4183.5,4070.0,4255.0,69.2
carrot_gatehours_4,starter,8,4196.1,4185.5,4114.0,4292.0,72.3
carrot_hoard,random,8,3320.6,3328.0,3254.0,3377.0,34.6
carrot_hoard,starter,8,3313.5,3332.0,3196.0,3345.0,48.6
combo_dump_x_dump,random,8,4189.4,4215.0,3977.0,4293.0,95.1
combo_dump_x_dump,starter,8,4147.8,4135.0,4053.0,4240.0,63.3
combo_dump_x_threshold10,random,8,4210.0,4230.5,4090.0,4308.0,73.7
combo_dump_x_threshold10,starter,8,4155.4,4123.0,4068.0,4310.0,90.9
combo_dump_x_pricegate25,random,8,4144.5,4145.5,4070.0,4239.0,55.1
combo_dump_x_pricegate25,starter,8,4150.6,4159.5,4003.0,4276.0,96.1
combo_dump_x_pricegate30,random,8,4173.4,4154.0,4084.0,4251.0,59.0
combo_dump_x_pricegate30,starter,8,4130.6,4116.0,4061.0,4270.0,69.2
combo_dump_x_capped5,random,8,4170.4,4162.0,4088.0,4228.0,44.7
combo_dump_x_capped5,starter,8,4176.0,4166.0,4064.0,4297.0,86.6
combo_dump_x_dayspread4,random,8,3892.4,3902.0,3809.0,3956.0,60.2
combo_dump_x_dayspread4,starter,8,3880.0,3881.5,3822.0,3951.0,47.2
combo_dump_x_shopscaled_3_1,random,8,4183.0,4178.0,4088.0,4296.0,76.3
combo_dump_x_shopscaled_3_1,starter,8,4099.9,4104.0,4007.0,4226.0,76.7
combo_dump_x_threshprice_10_25,random,8,4199.2,4200.0,4090.0,4300.0,68.4
combo_dump_x_threshprice_10_25,starter,8,4168.1,4164.0,4040.0,4306.0,97.9
combo_threshold20_x_dump,random,8,4231.0,4208.0,4185.0,4308.0,52.5
combo_threshold20_x_dump,starter,8,4201.4,4185.0,4131.0,4315.0,64.9
combo_threshold20_x_threshold10,random,8,4213.0,4214.0,4155.0,4321.0,56.4
combo_threshold20_x_threshold10,starter,8,4244.5,4225.0,4158.0,4345.0,69.4
combo_threshold20_x_pricegate25,random,8,4241.8,4250.5,4088.0,4362.0,93.5
combo_threshold20_x_pricegate25,starter,8,4238.9,4215.5,4046.0,4365.0,115.2
combo_threshold20_x_pricegate30,random,8,4256.4,4248.5,4154.0,4387.0,68.4
combo_threshold20_x_pricegate30,starter,8,4213.6,4203.0,4117.0,4386.0,86.3
combo_threshold20_x_capped5,random,8,4243.5,4225.5,4158.0,4354.0,69.4
combo_threshold20_x_capped5,starter,8,4164.2,4143.0,4049.0,4354.0,122.2
combo_threshold20_x_dayspread4,random,8,3951.8,3952.5,3852.0,4028.0,56.6
combo_threshold20_x_dayspread4,starter,8,3925.5,3923.5,3836.0,4026.0,56.5
combo_threshold20_x_shopscaled_3_1,random,8,4259.2,4242.5,4162.0,4367.0,77.0
combo_threshold20_x_shopscaled_3_1,starter,8,4156.4,4139.5,4115.0,4212.0,36.2
combo_threshold20_x_threshprice_10_25,random,8,4238.4,4267.0,4075.0,4369.0,97.1
combo_threshold20_x_threshprice_10_25,starter,8,4223.9,4215.0,4083.0,4356.0,92.3
combo_capped15_x_dump,random,8,4190.2,4203.5,4124.0,4226.0,42.3
combo_capped15_x_dump,starter,8,4159.6,4168.0,4045.0,4267.0,75.2
combo_capped15_x_threshold10,random,8,4140.6,4150.5,4032.0,4232.0,64.1
combo_capped15_x_threshold10,starter,8,4127.9,4142.0,4010.0,4224.0,72.9
combo_capped15_x_pricegate25,random,8,4198.2,4199.5,4124.0,4255.0,46.7
combo_capped15_x_pricegate25,starter,8,4138.9,4120.0,4056.0,4295.0,72.4
combo_capped15_x_pricegate30,random,8,4187.0,4199.0,4118.0,4241.0,48.3
combo_capped15_x_pricegate30,starter,8,4177.9,4172.0,4061.0,4284.0,76.1
combo_capped15_x_capped5,random,8,4192.9,4191.5,4139.0,4241.0,41.5
combo_capped15_x_capped5,starter,8,4178.6,4191.0,4006.0,4282.0,95.0
combo_capped15_x_dayspread4,random,8,3856.0,3869.5,3765.0,3952.0,69.3
combo_capped15_x_dayspread4,starter,8,3811.2,3818.5,3729.0,3887.0,60.7
combo_capped15_x_shopscaled_3_1,random,8,4134.2,4142.5,4051.0,4217.0,59.1
combo_capped15_x_shopscaled_3_1,starter,8,4149.0,4118.0,4007.0,4285.0,108.8
combo_capped15_x_threshprice_10_25,random,8,4196.6,4193.0,4090.0,4300.0,69.2
combo_capped15_x_threshprice_10_25,starter,8,4146.8,4155.5,3961.0,4268.0,99.8
arb_wheat_only,random,8,4171.4,4172.0,4083.0,4225.0,49.9
arb_wheat_only,starter,8,4151.2,4139.5,4061.0,4226.0,55.9
arb_fert_only,random,8,4210.0,4222.5,4137.0,4279.0,47.8
arb_fert_only,starter,8,4147.1,4135.0,4101.0,4248.0,45.9
arb_both,random,8,4197.2,4228.0,4026.0,4296.0,101.8
arb_both,starter,8,4141.9,4139.0,3954.0,4284.0,101.9
arb_wheat_aggressive,random,8,4152.0,4126.5,4026.0,4296.0,93.9
arb_wheat_aggressive,starter,8,4169.6,4177.5,4003.0,4307.0,95.0
